会社名,リスト日,indeed有料合計,タウンワーク,はたらこ,プロフィールでカンタン,この求人にカンタン,indeedで応募
,,,,,,,
株式会社マイナビワークス ,2月6日,0.0,19.0,0.0,0.0,0.0,0.0
TJKプログラミング教室,2月6日,0.0,0.0,0.0,0.0,0.0,0.0
株式会社FREE BRAIN ,2月6日,32.0,0.0,0.0,30.0,0.0,0.0
株式会社A-STAR エージェントチーム ,2月6日,0.0,0.0,0.0,0.0,0.0,0.0
株式会社セイバー,2月6日,30.0,2.0,0.0,0.0,30.0,0.0
株式会社コナミデジタルエンタテインメント ,2月6日,0.0,0.0,0.0,0.0,0.0,0.0
ポールトゥウィン 上野センター,2月6日,1.0,0.0,0.0,0.0,1.0,0.0
バリューアークコンサルティング株式会社 ,2月6日,30.0,0.0,0.0,0.0,30.0,0.0
株式会社ハイウェル,2月6日,30.0,0.0,0.0,2.0,28.0,0.0
株式会社ワークポート ,2月6日,0.0,310.0,2.0,0.0,0.0,0.0
株式会社Cygames ,2月6日,22.0,2.0,0.0,22.0,0.0,0.0
株式会社エクストリーム ,2月6日,0.0,1.0,0.0,0.0,0.0,0.0
レバテッククリエイター ,2月6日,0.0,0.0,0.0,0.0,0.0,0.0
株式会社Branding Engineer ,2月6日,28.0,0.0,0.0,24.0,2.0,0.0
レバテック株式会社 ,2月6日,30.0,50.0,0.0,26.0,4.0,0.0
SBヒューマンキャピタル株式会社 ,2月6日,0.0,0.0,0.0,0.0,0.0,0.0
